text,label
"Their halfcourt offense grinds to a halt because nobody respects their weak-side corner shooters, allowing the defense to cheat heavily into the paint.",tactical_analysis
"The team runs a high-frequency pick-and-roll but their roll man is converting at a bottom-decile 0.82 points per possession this season.",tactical_analysis
"When they switch to a 2-3 zone, their defensive rebound rate drops by 14% because the guards fail to box out the baseline cutters.",tactical_analysis
"He is shooting a career-high 42% on catch-and-shoot looks because the new spacing gives him an extra two feet of operating room.",tactical_analysis
"Their defensive rating plummeted from 3rd to 24th over the last ten games due to poor rim protection and transition communication breakdowns.",tactical_analysis
"If they don't trade for a reliable backup center by Friday, this entire season is completely over and the front office needs to be fired.",narrative_take
"Luka is officially better than prime Larry Bird ever was and anyone who disagrees simply didn't watch basketball in the 80s.",narrative_take
"He is completely washed up and this franchise will never win a single playoff game with him taking up 40 million in cap space.",narrative_take
"This player is a regular season stat-padder who lacks the competitive drive and leadership required to win a real championship ring.",narrative_take
"They are completely throwing away their young core's prime years by refusing to make an aggressive all-in trade right now.",narrative_take
"LETS GOOOOOO!!!! DUNK OF THE CENTURY RIGHT THERE!!! IM SCREAMING!!!",fan_reaction
"Absolute heartbreak. I cannot believe we missed three straight free throws in clutch time. I am sick to my stomach.",fan_reaction
"We are so back! Playoff run starts tonight boys!!!",fan_reaction
"Refs completely robbed us tonight, that was never an offensive foul in a million years.",fan_reaction
"LMAO what a hilarious sequence, he tripped over his own shoelaces in transition.",fan_reaction
